,mean_auc,std_auc,feature_count
systems_only,0.4795907580791302,0.04700060340568509,5
subcategories_only,0.5094913807123109,0.05571490099256836,14
combined,0.5068289268870665,0.06318493684344702,19
