{
  "total_entries": 25734,
  "go_entries": 25153,
  "kegg_entries": 581,
  "average_confidence": 0.5465866169270226,
  "subcategories_covered": 14,
  "inflammation_annotated": 484,
  "classification_date": "2025-12-24T18:06:07.729957",
  "version": "v8.0"
}