{
  "dataset_id": "GSE12288",
  "dataset_name": "冠状动脉疾病",
  "disease_type": "cardiovascular",
  "analysis_strategy": "case_control",
  "analysis_time": "2026-03-16T11:04:43.643589",
  "classification_results": {
    "total_genes": 13237,
    "classified": 8143,
    "unclassified": 5094,
    "system_counts": {
      "System A": 6574,
      "System B": 5174,
      "System C": 1093,
      "System D": 3068,
      "System E": 3679
    },
    "subcategory_counts": {
      "A1": 1843,
      "A2": 2627,
      "A3": 2076,
      "A4": 28,
      "B1": 757,
      "B2": 3162,
      "B3": 1255,
      "C1": 286,
      "C2": 334,
      "C3": 473,
      "D1": 2093,
      "D2": 975,
      "E1": 350,
      "E2": 3329
    }
  },
  "system_scores": {
    "System A": 0.2080507181076357,
    "System B": 0.2515024537228521,
    "System C": 0.2658138963425469,
    "System D": 0.09106625577271735,
    "System E": 0.09478553726450453
  },
  "ssgsea_scores": {
    "A1": {
      "mean_score": 0.24130527886222705,
      "std_score": 0.02034926827568147,
      "median_score": 0.24269970513705513,
      "name": "Genomic Stability and Repair",
      "gene_count": 2873
    },
    "A2": {
      "mean_score": 0.14607705084030864,
      "std_score": 0.009902349641635529,
      "median_score": 0.14610505183707378,
      "name": "Somatic Maintenance and Identity Preservation",
      "gene_count": 3767
    },
    "A3": {
      "mean_score": 0.2163143672350966,
      "std_score": 0.01120242207280502,
      "median_score": 0.21665437373675422,
      "name": "Cellular Homeostasis and Structural Maintenance",
      "gene_count": 2942
    },
    "A4": {
      "mean_score": 0.22850617549291055,
      "std_score": 0.04206335259899674,
      "median_score": 0.22921386799412474,
      "name": "Inflammation Resolution and Damage Containment",
      "gene_count": 51
    },
    "B1": {
      "mean_score": 0.31650148381228027,
      "std_score": 0.015552548501635656,
      "median_score": 0.3164688394518377,
      "name": "Innate Immunity",
      "gene_count": 1209
    },
    "B2": {
      "mean_score": 0.15950860826426025,
      "std_score": 0.009419750167257865,
      "median_score": 0.15922486839173167,
      "name": "Adaptive Immunity",
      "gene_count": 4744
    },
    "B3": {
      "mean_score": 0.27849726909201583,
      "std_score": 0.013502371534987087,
      "median_score": 0.27947310997759484,
      "name": "Immune Regulation and Tolerance",
      "gene_count": 5682
    },
    "C1": {
      "mean_score": 0.353413491117605,
      "std_score": 0.016384069706156173,
      "median_score": 0.3529290263522505,
      "name": "Energy Metabolism and Catabolism",
      "gene_count": 349
    },
    "C2": {
      "mean_score": 0.3144589704394474,
      "std_score": 0.015413283230514415,
      "median_score": 0.31508992095792443,
      "name": "Biosynthesis and Anabolism",
      "gene_count": 474
    },
    "C3": {
      "mean_score": 0.12956922747058824,
      "std_score": 0.010031081576496586,
      "median_score": 0.12979851308614776,
      "name": "Detoxification and Metabolic Stress Handling",
      "gene_count": 569
    },
    "D1": {
      "mean_score": 0.08208393879292034,
      "std_score": 0.008463781954765643,
      "median_score": 0.08126038282792754,
      "name": "Neural Regulation and Signal Transmission",
      "gene_count": 2859
    },
    "D2": {
      "mean_score": 0.10004857275251437,
      "std_score": 0.009903573010984594,
      "median_score": 0.10016611911310933,
      "name": "Endocrine and Autonomic Regulation",
      "gene_count": 1177
    },
    "E1": {
      "mean_score": 0.04798514558717445,
      "std_score": 0.016553956475786922,
      "median_score": 0.04854454601608238,
      "name": "Reproduction",
      "gene_count": 513
    },
    "E2": {
      "mean_score": 0.1415859289418346,
      "std_score": 0.00847307730636986,
      "median_score": 0.14173713155955592,
      "name": "Development and Reproductive Maturation",
      "gene_count": 4831
    }
  },
  "top_systems": [
    "System C",
    "System B",
    "System A"
  ],
  "figures": [
    "results/agent_analysis/GSE12288/figures\\radar_system_scores.png",
    "results/agent_analysis/GSE12288/figures\\barplot_subcat_ranking.png",
    "results/agent_analysis/GSE12288/figures\\boxplot_system_scores.png"
  ],
  "report_path": "results/agent_analysis/GSE12288\\GSE12288_report.md",
  "errors": [
    "数据下载失败: GSE12288"
  ],
  "pipeline_log": [
    "✓ GPL 文件: GPL96-57554.txt",
    "✓ Probe 矩阵: 22283 probes × 222 样本",
    "✓ 映射: 21225 probes → 13237 genes",
    "✓ Gene 矩阵: 13237 genes × 222 样本",
    "预处理完成",
    "[2026-03-16 11:02:37.576791] 执行五大系统分类...",
    "✓ 分类完成: 8143/13237 基因匹配到基因集",
    "  System A: 6574 基因",
    "  System B: 5174 基因",
    "  System C: 1093 基因",
    "  System D: 3068 基因",
    "  System E: 3679 基因",
    "[2026-03-16 11:02:37.739493] 执行 ssGSEA 分析...",
    "✓ ssGSEA 完成: 14 个子类",
    "  System A: 0.2081",
    "  System B: 0.2515",
    "  System C: 0.2658",
    "  System D: 0.0911",
    "  System E: 0.0948",
    "可视化计划 (LLM): radar, barplot, boxplot",
    "[2026-03-16 11:03:49.848920] 生成可视化图表...",
    "✓ 共生成 3 个图表",
    "[2026-03-16 11:03:55.677088] 解读分析结果...",
    "LLM 结果解读完成",
    "[2026-03-16 11:04:43.642134] 生成分析报告...",
    "✓ 报告生成完成",
    "✓ 报告长度: 3391 字符",
    "[2026-03-16 11:04:43.642134] 导出 PDF 报告...",
    "✓ 报告已保存: results/agent_analysis/GSE12288\\GSE12288_report.md",
    "✓ 文件大小: 3391 字节"
  ]
}