System,System_Code,Male_Mean,Male_Std,Male_Count,Female_Mean,Female_Std,Female_Count,Mean_Difference,Cohens_D,T_Statistic,P_Value,Significance,Effect_Size
System C (Metabolism),C,0.23845771672055296,0.00023455035641985417,8,0.23857288031125104,0.0003160570695518481,6,-0.00011516359069807525,-0.42417278390203866,-0.7854153782259728,0.4474404916479445,ns,Small
System A (Growth & Development),A,0.17416470506745302,0.0003450868709593195,8,0.17431036357834473,0.0004850535366887478,6,-0.00014565851089171078,-0.35590221885893863,-0.6590028555465101,0.5223388724513213,ns,Small
System D (Information Processing),D,0.23630419834602207,0.00034357161429219473,8,0.23638884745356284,0.0005236951796732424,6,-8.464910754077404e-05,-0.19780684377714564,-0.36626710368290094,0.720541875287846,ns,Negligible
System B (Immune & Defense),B,0.20707715408999186,0.00038766271643508746,8,0.20716929121434616,0.0005916063357566006,6,-9.213712435429677e-05,-0.19067500747068897,-0.35306150888129056,0.7301666368923729,ns,Negligible
System E (Structural & Transport),E,0.1979246960902887,0.00039044894333771925,8,0.19800872928572477,0.0006103966067704025,6,-8.403319543606735e-05,-0.17006004948424489,-0.31489002396165733,0.758253262345358,ns,Negligible
