System,System_Code,Correlation_r,P_Value,R_Squared,CI_Lower,CI_Upper,Significance,Effect_Size,Sample_Count
System C (Metabolism),C,-0.09794253813304504,0.7390569545497074,0.009592740775942982,-0.5974735490671327,0.45635188477100436,ns,Negligible,14
System A (Growth & Development),A,-0.08761569162122118,0.7658282882276348,0.007676509418264928,-0.5907337032621772,0.4645598463119982,ns,Negligible,14
System D (Information Processing),D,-0.06166446058431292,0.8341254694349283,0.003802505699154282,-0.5734808738909039,0.484775890463574,ns,Negligible,14
System B (Immune & Defense),B,-0.05912967551176439,0.8408629524779757,0.003496318526126549,-0.571771009674145,0.4867196805295357,ns,Negligible,14
System E (Structural & Transport),E,-0.05638372248770932,0.8481731524113505,0.003179124161571018,-0.5699136608924568,0.4888193220476148,ns,Negligible,14
