System,System_Code,Mean_Activation,Std_Deviation,Min_Value,Max_Value,Coefficient_of_Variation,Sample_Count,Rank
System C (Metabolism),C,0.23850707254513787,0.00026747097553448263,0.2381235725066128,0.2389659267755828,0.0011214383400889015,14,1
System D (Information Processing),D,0.23634047653496812,0.0004134415329920109,0.2356663833445608,0.2369624664186571,0.0017493471243417735,14,2
System B (Immune & Defense),B,0.20711664142900088,0.00046666352179398197,0.2063599579152889,0.2078287242745161,0.002253143535807832,14,3
System E (Structural & Transport),E,0.19796071031690415,0.00047671018881884905,0.1971580671879171,0.1986841575051951,0.0024081050631497057,14,4
System A (Growth & Development),A,0.1742271301435494,0.0004002615736896647,0.1736592365733109,0.1748473723159149,0.002297355029379642,14,5
